﻿{
  "Tables": [
    {
      "SrcName": "Status",
      "DstName": "shopworks.Status",
      "Connection": "Company",
      "Fields": [
        [ "ID_Serial_Status", "Id", "nvarchar(450)" ],
        [ "max(timestamp_Creation)", "CreatedAt", "datetime2" ],
        [ "max(timestamp_Modification)", "UpdatedAt", "datetime2" ],
        [ "min(StatusTextShort)", "Name", "nvarchar(450)" ]
      ],
      "GroupBy": "ID_Serial_Status"
    },
    {
      "SrcName": "ProdClass",
      "DstName": "shopworks.ProductClass",
      "Connection": "Company",
      "Fields": [
        [ "ID_ProductClass", "Id", "nvarchar(450)" ],
        [ "timestamp_Creation", "CreatedAt", "datetime2" ],
        [ "timestamp_Modification", "UpdatedAt", "datetime2" ],
        [ "ProductClass", "Name", "nvarchar(450)" ]
      ]
    },
    {
      "SrcName": "ProdCol",
      "DstName": "shopworks.ProductColor",
      "Connection": "Company",
      "Fields": [
        [ "ID_ProductColors", "Id", "nvarchar(450)" ],
        [ "timestamp_Creation", "CreatedAt", "datetime2" ],
        [ "timestamp_Modification", "UpdatedAt", "datetime2" ],
        [ "ProductColors", "Name", "nvarchar(450)" ]
      ]
    },
    {
      "SrcName": "OrdTyp",
      "DstName": "shopworks.OrderType",
      "Connection": "Company",
      "Fields": [
        [ "ID_OrderType", "Id", "nvarchar(450)" ],
        [ "timestamp_Creation", "CreatedAt", "datetime2" ],
        [ "timestamp_Modification", "UpdatedAt", "datetime2" ],
        [ "OrderType", "Name", "nvarchar(450)" ]
      ]
    },
    {
      "SrcName": "SalesIDStatus",
      "DstName": "shopworks.SalesStatus",
      "Connection": "Company",
      "Fields": [
        [ "ID_SalesStatus", "Id", "nvarchar(450)" ],
        [ "timestamp_Creation", "CreatedAt", "datetime2" ],
        [ "timestamp_Modification", "UpdatedAt", "datetime2" ],
        [ "SalesStatusText", "Name", "nvarchar(450)" ]
      ]
    },
    {
      "SrcName": "ShippingIDStatus",
      "DstName": "shopworks.ShippingStatus",
      "Connection": "Company",
      "Fields": [
        [ "ID_ShippingStatus", "Id", "nvarchar(450)" ],
        [ "timestamp_Creation", "CreatedAt", "datetime2" ],
        [ "timestamp_Modification", "UpdatedAt", "datetime2" ],
        [ "ShippingStatusText", "Name", "nvarchar(450)" ]
      ]
    },
    {
      "SrcName": "Emp",
      "DstName": "shopworks.Employee",
      "Connection": "Company",
      "Fields": [
        [ "ID_Employee", "Id", "nvarchar(450)" ],
        [ "timestamp_Creation", "CreatedAt", "datetime2" ],
        [ "timestamp_Modification", "UpdatedAt", "datetime2" ],
        [ "ct_NameFull", "NameFull", "nvarchar(450)" ],
        [ "EmailAddress", "EmailAddress", "nvarchar(450)" ],
        [ "sts_Active", "ActiveStatus", "nvarchar(450)" ]
      ]
    },
    {
      "SrcName": "Loc",
      "DstName": "shopworks.Location",
      "Connection": "Company",
      "Fields": [
        [ "ID_CompanyLocation", "Id", "nvarchar(450)" ],
        [ "timestamp_Creation", "CreatedAt", "datetime2" ],
        [ "timestamp_Modification", "UpdatedAt", "datetime2" ],
        [ "CompanyName", "CompanyName", "nvarchar(450)" ],
        [ "LocationName", "LocationName", "nvarchar(450)" ],
        [ "PhoneMain", "PhoneMain", "nvarchar(450)" ],
        [ "EmailMain", "EmailMain", "nvarchar(450)" ],
        [ "PhoneTollFree", "PhoneTollFree", "nvarchar(450)" ],
        [ "WebURL", "WebURL", "nvarchar(450)" ]
      ]
    },
    {
      "SrcName": "Vend",
      "DstName": "shopworks.Vendor",
      "Connection": "Core",
      "Fields": [
        [ "ID_Vendor", "Id", "nvarchar(450)" ],
        [ "timestamp_Creation", "CreatedAt", "datetime2" ],
        [ "timestamp_Modification", "UpdatedAt", "datetime2" ],
        [ "VendorName", "VendorName", "nvarchar(450)" ],
        [ "VendorAbbreviationCode", "VendorAbbreviationCode", "nvarchar(450)" ],
        [ "AccountNumber", "AccountNumber", "nvarchar(450)" ],
        [ "sts_Active", "ActiveStatus", "nvarchar(450)" ]
      ]
    },
    {
      "SrcName": "Prod",
      "DstName": "shopworks.Product",
      "Connection": "Products",
      "Fields": [
        [ "ID_ProductSerial", "Id", "nvarchar(450)" ],
        [ "timestamp_Creation", "CreatedAt", "datetime2" ],
        [ "timestamp_Modification", "UpdatedAt", "datetime2" ],
        [ "id_ProductClass", "ProductClassId", "nvarchar(450)" ],
        [ "id_Vendor", "VendorId", "nvarchar(450)" ],
        [ "PartNumber", "PartNumber", "nvarchar(450)" ],
        [ "Description", "Description", "nvarchar(450)" ],
        [ "import_Notes", "Notes", "nvarchar(max)" ],
        [ "MtxCost01", "Cost", "decimal(18,2)" ],
        [ "MtxPrice01", "Price", "decimal(18,2)" ],
        [ "id_ProductColorBlock", "Colors", "nvarchar(450)" ],
        [ "FindCode", "FindCode", "nvarchar(450)" ],
        [ "ProductType", "ProductType", "nvarchar(450)" ],
        [ "PreprintGroup", "PreprintGroup", "nvarchar(450)" ],
        [ "CustomField01", "CustomField01", "nvarchar(450)" ],
        [ "CustomField02", "CustomField02", "nvarchar(450)" ],
        [ "sts_Active", "ActiveStatus", "nvarchar(450)" ],
        [ "sts_AllowUpdate", "AllowUpdateStatus", "nvarchar(450)" ],
        [ "cn_sts_LimitSize01Button", "HasSize01", "bit" ],
        [ "cn_sts_LimitSize02Button", "HasSize02", "bit" ],
        [ "cn_sts_LimitSize03Button", "HasSize03", "bit" ],
        [ "cn_sts_LimitSize04Button", "HasSize04", "bit" ],
        [ "cn_sts_LimitSize05Button", "HasSize05", "bit" ],
        [ "cn_sts_LimitSize06Button", "HasSize06", "bit" ]
      ],
      "Clean": [
        "update shopworks.Product set VendorId = null where VendorId not in (select Id from shopworks.Vendor)"
      ]
    },
    {
      "SrcName": "InvLevels",
      "DstName": "shopworks.InventoryLevel",
      "Connection": "Inventory",
      "Fields": [
        [ "ID_InvLevel", "Id", "nvarchar(450)" ],
        [ "timestamp_Creation", "CreatedAt", "datetime2" ],
        [ "timestamp_Modification", "UpdatedAt", "datetime2" ],
        [ "PartNumber", "PartNumber", "nvarchar(450)" ],
        [ "PartColor", "PartColor", "nvarchar(450)" ],
        [ "PartColorRange", "PartColorRange", "nvarchar(450)" ],
        [ "PartDescription", "PartDescription", "nvarchar(450)" ],
        [ "Size01", "Size01", "int" ],
        [ "Size01_OnOrder", "Size01_OnOrder", "int" ],
        [ "Size01_InProduction", "Size01_InProduction", "int" ],
        [ "Size01_Committed", "Size01_Committed", "int" ],
        [ "Size01_Reconciled", "Size01_Reconciled", "int" ],
        [ "Size01_ToReachMin", "Size01_ToReachMin", "int" ],
        [ "Size01_ToReachMax", "Size01_ToReachMax", "int" ],
        [ "Size02", "Size02", "int" ],
        [ "Size02_OnOrder", "Size02_OnOrder", "int" ],
        [ "Size02_InProduction", "Size02_InProduction", "int" ],
        [ "Size02_Committed", "Size02_Committed", "int" ],
        [ "Size02_Reconciled", "Size02_Reconciled", "int" ],
        [ "Size02_ToReachMin", "Size02_ToReachMin", "int" ],
        [ "Size02_ToReachMax", "Size02_ToReachMax", "int" ],
        [ "Size03", "Size03", "int" ],
        [ "Size03_OnOrder", "Size03_OnOrder", "int" ],
        [ "Size03_InProduction", "Size03_InProduction", "int" ],
        [ "Size03_Committed", "Size03_Committed", "int" ],
        [ "Size03_Reconciled", "Size03_Reconciled", "int" ],
        [ "Size03_ToReachMin", "Size03_ToReachMin", "int" ],
        [ "Size03_ToReachMax", "Size03_ToReachMax", "int" ],
        [ "Size04", "Size04", "int" ],
        [ "Size04_OnOrder", "Size04_OnOrder", "int" ],
        [ "Size04_InProduction", "Size04_InProduction", "int" ],
        [ "Size04_Committed", "Size04_Committed", "int" ],
        [ "Size04_Reconciled", "Size04_Reconciled", "int" ],
        [ "Size04_ToReachMin", "Size04_ToReachMin", "int" ],
        [ "Size04_ToReachMax", "Size04_ToReachMax", "int" ],
        [ "Size05", "Size05", "int" ],
        [ "Size05_OnOrder", "Size05_OnOrder", "int" ],
        [ "Size05_InProduction", "Size05_InProduction", "int" ],
        [ "Size05_Committed", "Size05_Committed", "int" ],
        [ "Size05_Reconciled", "Size05_Reconciled", "int" ],
        [ "Size05_ToReachMin", "Size05_ToReachMin", "int" ],
        [ "Size05_ToReachMax", "Size05_ToReachMax", "int" ],
        [ "Size06", "Size06", "int" ],
        [ "Size06_OnOrder", "Size06_OnOrder", "int" ],
        [ "Size06_InProduction", "Size06_InProduction", "int" ],
        [ "Size06_Committed", "Size06_Committed", "int" ],
        [ "Size06_Reconciled", "Size06_Reconciled", "int" ],
        [ "Size06_ToReachMin", "Size06_ToReachMin", "int" ],
        [ "Size06_ToReachMax", "Size06_ToReachMax", "int" ]
      ]
    },
    {
      "SrcName": "Cust",
      "DstName": "shopworks.Customer",
      "Connection": "Core",
      "Fields": [
        [ "ID_Customer", "Id", "nvarchar(450)" ],
        [ "timestamp_Creation", "CreatedAt", "datetime2" ],
        [ "timestamp_Modification", "UpdatedAt", "datetime2" ],
        [ "CompanyName", "CompanyName", "nvarchar(450)" ],
        [ "EmailMain", "EmailMain", "nvarchar(450)" ],
        [ "PhoneMain", "PhoneMain", "nvarchar(450)" ],
        [ "FaxMain", "FaxMain", "nvarchar(450)" ],
        [ "CustomField01", "CustomField01", "nvarchar(450)" ],
        [ "CustomField02", "CustomField02", "nvarchar(450)" ],
        [ "CustomField03", "CustomField03", "nvarchar(450)" ],
        [ "sts_Active", "ActiveStatus", "nvarchar(450)" ]
      ]
    },
    {
      "SrcName": "Cont",
      "DstName": "shopworks.Contact",
      "Connection": "Core",
      "Fields": [
        [ "ID_Contact", "Id", "nvarchar(450)" ],
        [ "timestamp_Creation", "CreatedAt", "datetime2" ],
        [ "timestamp_Modification", "UpdatedAt", "datetime2" ],
        [ "id_Customer", "CustomerId", "nvarchar(450)" ],
        [ "NameFirst", "NameFirst", "nvarchar(450)" ],
        [ "NameLast", "NameLast", "nvarchar(450)" ],
        [ "Title", "Title", "nvarchar(450)" ],
        [ "Department", "Department", "nvarchar(450)" ],
        [ "Email_Primary", "EmailPrimary", "nvarchar(450)" ],
        [ "Notes", "Notes", "nvarchar(450)" ]
      ]
    },
    {
      "SrcName": "ContNum",
      "DstName": "shopworks.ContactNumber",
      "Connection": "Core",
      "Fields": [
        [ "ID_ContactNumber", "Id", "nvarchar(450)" ],
        [ "timestamp_Creation", "CreatedAt", "datetime2" ],
        [ "timestamp_Modification", "UpdatedAt", "datetime2" ],
        [ "id_Contact", "ContactId", "nvarchar(450)" ],
        [ "Label", "Label", "nvarchar(450)" ],
        [ "Number", "Number", "nvarchar(450)" ],
        [ "Email", "Email", "nvarchar(450)" ],
        [ "sts_Phone", "PhoneStatus", "nvarchar(450)" ],
        [ "sts_Fax", "FaxStatus", "nvarchar(450)" ],
        [ "sts_Email", "EmailStatus", "nvarchar(450)" ],
        [ "sts_Primary", "PrimaryStatus", "nvarchar(450)" ]
      ]
    },
    {
      "SrcName": "Order",
      "DstName": "shopworks.Order",
      "Connection": "Orders",
      "Fields": [
        [ "ID_Order", "Id", "nvarchar(450)" ],
        [ "timestamp_Creation", "CreatedAt", "datetime2" ],
        [ "timestamp_Modification", "UpdatedAt", "datetime2" ],
        [ "id_Customer", "CustomerId", "nvarchar(450)" ],
        [ "id_Contact", "ContactId", "nvarchar(450)" ],
        [ "id_OrderType", "OrderTypeId", "nvarchar(450)" ],
        [ "id_SalesStatus", "SalesStatusId", "nvarchar(450)" ],
        [ "id_ShippingStatus", "ShippingStatusId", "nvarchar(450)" ],
        [ "id_CompanyLocation", "LocationId", "nvarchar(450)" ],
        [ "CustomerServiceRep", "CustomerServiceRep", "nvarchar(450)" ],
        [ "CompanyName", "CompanyName", "nvarchar(450)" ],
        [ "ContactFirst", "ContactFirst", "nvarchar(450)" ],
        [ "ContactLast", "ContactLast", "nvarchar(450)" ],
        [ "ContactEmail", "ContactEmail", "nvarchar(450)" ],
        [ "date_OrderPlaced", "PlacedAt", "datetime2" ],
        [ "date_OrderRequestedToShip", "ShipRequestedAt", "datetime2" ],
        [ "date_OrderDropDead", "DropDeadAt", "datetime2" ],
        [ "date_OrderInvoiced", "InvoicedAt", "datetime2" ],
        [ "TermsDays", "TermsDays", "nvarchar(450)" ],
        [ "sts_Paid", "PaidStatus", "nvarchar(450)" ],
        [ "sts_Invoiced", "InvoicedStatus", "nvarchar(450)" ],
        [ "sts_Received", "ReceivedStatus", "nvarchar(450)" ],
        [ "sts_Produced", "ProducedStatus", "nvarchar(450)" ],
        [ "sts_Shipped", "ShippedStatus", "nvarchar(450)" ],
        [ "HoldOrderText", "HoldOrderText", "nvarchar(max)" ],
        [ "cnCur_TotalInvoice", "TotalInvoice", "decimal(18,2)" ],
        [ "cur_Payments", "Payments", "decimal(18,2)" ],
        [ "cnCur_Balance", "Balance", "decimal(18,2)" ]
      ],
      "Clean": [
        "update [shopworks].[Order] set ContactId = null where ContactId not in (select Id from [shopworks].[Contact])"
      ]
    },
    {
      "SrcName": "InvTrans",
      "DstName": "shopworks.InventoryTransaction",
      "Connection": "Inventory",
      "Fields": [
        [ "ID_InvTrans", "Id", "nvarchar(450)" ],
        [ "timestamp_Creation", "CreatedAt", "datetime2" ],
        [ "timestamp_Modification", "UpdatedAt", "datetime2" ],
        [ "PartNumber", "PartNumber", "nvarchar(450)" ],
        [ "PartColor", "PartColor", "nvarchar(450)" ],
        [ "PartColorRange", "PartColorRange", "nvarchar(450)" ],
        [ "PartDescription", "PartDescription", "nvarchar(450)" ],
        [ "id_Order", "OrderId", "nvarchar(450)" ],
        [ "id_LineOE", "OrderLineId", "nvarchar(450)" ],
        [ "id_PO", "PurchaseOrderId", "nvarchar(450)" ],
        [ "id_LinePur", "PurchaseOrderLineId", "nvarchar(450)" ],
        [ "Size01", "Size01", "int" ],
        [ "Size01_Rem", "Size01_Rem", "int" ],
        [ "Size02", "Size02", "int" ],
        [ "Size02_Rem", "Size02_Rem", "int" ],
        [ "Size03", "Size03", "int" ],
        [ "Size03_Rem", "Size03_Rem", "int" ],
        [ "Size04", "Size04", "int" ],
        [ "Size04_Rem", "Size04_Rem", "int" ],
        [ "Size05", "Size05", "int" ],
        [ "Size05_Rem", "Size05_Rem", "int" ],
        [ "Size06", "Size06", "int" ],
        [ "Size06_Rem", "Size06_Rem", "int" ]
      ]
    },
    {
      "SrcName": "PackImport",
      "DstName": "shopworks.PackImport",
      "Connection": "Shipping",
      "Fields": [
        [ "ID_PackImport", "Id", "nvarchar(450)" ],
        [ "timestamp_Creation", "CreatedAt", "datetime2" ],
        [ "timestamp_Modification", "UpdatedAt", "datetime2" ],
        [ "id_Order", "OrderId", "nvarchar(450)" ],
        [ "Weight", "Weight", "nvarchar(max)" ],
        [ "Cost", "Cost", "nvarchar(max)" ],
        [ "TrackingNumber", "TrackingNumber", "nvarchar(max)" ],
        [ "AddressDescription", "Description", "nvarchar(max)" ],
        [ "AddressCompany", "Company", "nvarchar(max)" ],
        [ "Address1", "Address1", "nvarchar(max)" ],
        [ "Address2", "Address2", "nvarchar(max)" ],
        [ "AddressCity", "City", "nvarchar(max)" ],
        [ "AddressState", "State", "nvarchar(max)" ],
        [ "AddressCountry", "Country", "nvarchar(max)" ],
        [ "AddressZip", "Zip", "nvarchar(max)" ]
      ]
    },
    {
      "SrcName": "Addr",
      "DstName": "shopworks.Address",
      "Connection": "Company",
      "Fields": [
        [ "ID_Address", "Id", "nvarchar(450)" ],
        [ "timestamp_Creation", "CreatedAt", "datetime2" ],
        [ "timestamp_Modification", "UpdatedAt", "datetime2" ],
        [ "id_Customer", "CustomerId", "nvarchar(450)" ],
        [ "id_Contact", "ContactId", "nvarchar(450)" ],
        [ "id_Employee", "EmployeeId", "nvarchar(450)" ],
        [ "id_Vendor", "VendorId", "nvarchar(450)" ],
        [ "id_Order", "OrderId", "nvarchar(450)" ],
        [ "ShipMethod", "ShipMethod", "nvarchar(450)" ],
        [ "AddressCompany", "Company", "nvarchar(450)" ],
        [ "Address1", "Address1", "nvarchar(450)" ],
        [ "Address2", "Address2", "nvarchar(450)" ],
        [ "AddressCity", "City", "nvarchar(450)" ],
        [ "AddressState", "State", "nvarchar(450)" ],
        [ "AddressCountry", "Country", "nvarchar(450)" ],
        [ "AddressZip", "Zip", "nvarchar(450)" ]
      ]
    },
    {
      "SrcName": "Des",
      "DstName": "shopworks.Design",
      "Connection": "Designs",
      "Fields": [
        [ "ID_Design", "Id", "nvarchar(450)" ],
        [ "timestamp_Creation", "CreatedAt", "datetime2" ],
        [ "timestamp_Modification", "UpdatedAt", "datetime2" ],
        [ "id_Customer", "CustomerId", "nvarchar(450)" ],
        [ "DesignName", "DesignName", "nvarchar(450)" ],
        [ "sts_Active", "ActiveStatus", "nvarchar(450)" ]
      ]
    },
    {
      "SrcName": "DesLoc",
      "DstName": "shopworks.DesignLocation",
      "Connection": "Designs",
      "Fields": [
        [ "ID_DesignLoc", "Id", "nvarchar(450)" ],
        [ "timestamp_Creation", "CreatedAt", "datetime2" ],
        [ "timestamp_Modification", "UpdatedAt", "datetime2" ],
        [ "id_Design", "DesignId", "nvarchar(450)" ],
        [ "Location", "Location", "nvarchar(450)" ]
      ]
    },
    {
      "SrcName": "DesVar",
      "DstName": "shopworks.DesignVariation",
      "Connection": "Designs",
      "Fields": [
        [ "ID_Variation", "Id", "nvarchar(450)" ],
        [ "timestamp_Creation", "CreatedAt", "datetime2" ],
        [ "timestamp_Modification", "UpdatedAt", "datetime2" ],
        [ "id_Design", "DesignId", "nvarchar(450)" ],
        [ "VariationName", "VariationName", "nvarchar(450)" ]
      ]
    },
    {
      "SrcName": "OrderDes",
      "DstName": "shopworks.OrderDesign",
      "Connection": "Designs",
      "Fields": [
        [ "ID_OrderDesign", "Id", "nvarchar(450)" ],
        [ "timestamp_Creation", "CreatedAt", "datetime2" ],
        [ "timestamp_Modification", "UpdatedAt", "datetime2" ],
        [ "id_Design", "DesignId", "nvarchar(450)" ],
        [ "id_Order", "OrderId", "nvarchar(450)" ]
      ]
    },
    {
      "SrcName": "OrderDesLoc",
      "DstName": "shopworks.OrderDesignLocation",
      "Connection": "Designs",
      "Fields": [
        [ "ID_OrderDesLoc", "Id", "nvarchar(450)" ],
        [ "timestamp_Creation", "CreatedAt", "datetime2" ],
        [ "timestamp_Modification", "UpdatedAt", "datetime2" ],
        [ "id_Order", "OrderId", "nvarchar(450)" ],
        [ "id_OrderDesign", "OrderDesignId", "nvarchar(450)" ],
        [ "id_DesignLoc", "DesignLocationId", "nvarchar(450)" ],
        [ "Location", "Location", "nvarchar(450)" ]
      ],
      "Clean": [
        "update [shopworks].[OrderDesignLocation] set DesignLocationId = null where DesignLocationId not in (select Id from [shopworks].[DesignLocation])",
        "update [shopworks].[OrderDesignLocation] set OrderDesignId = null where OrderDesignId not in (select Id from [shopworks].[OrderDesign])"
      ]
    },
    {
      "SrcName": "Thumb",
      "DstName": "shopworks.Thumbnail",
      "Connection": "Thumbnails",
      "Fields": [
        [ "ID_Serial", "Id", "nvarchar(450)" ],
        [ "timestamp_Creation", "CreatedAt", "datetime2" ],
        [ "timestamp_Modification", "UpdatedAt", "datetime2" ],
        [ "id_DesignLoc", "DesignLocationId", "nvarchar(450)" ],
        [ "id_OrderDesignLoc", "OrderDesignLocationId", "nvarchar(450)" ],
        [ "FileName", "FileName", "nvarchar(450)" ],
        [ "FileExtension", "FileExtension", "nvarchar(450)" ],
        [ "FileLocation", "FileLocation", "nvarchar(450)" ],
        [ "FileStorageType", "FileStorageType", "nvarchar(450)" ],
        [ "FileWidth", "FileWidth", "nvarchar(450)" ],
        [ "FileHeight", "FileHeight", "nvarchar(450)" ]
      ],
      "Clean": [
        "update [shopworks].[Thumbnail] set DesignLocationId = null where DesignLocationId not in (select Id from [shopworks].[DesignLocation])"
      ]
    }
  ]
}
